book_id,title,price_gbp,star_rating,availability,genre
1,The Ancient Truth,23.75,4,In stock,Self-Help
2,The Lost House of Crime,14.35,5,In stock,Mystery
3,The Lost Storm,40.09,5,In stock,Self-Help
4,The Ancient Garden of Historical,32.46,4,In stock,Mystery
5,The Infinite Sky,31.13,3,In stock,Historical
6,The Infinite Light,28.99,3,In stock,Romance
7,The New Shadow of Self-Help,32.97,2,In stock,Philosophy
8,The Lost Dream,41.43,5,Out of stock,Romance
9,The New Storm of Mystery,43.06,4,In stock,Travel
10,The Wild Storm of Philosophy,23.9,5,In stock,Romance
11,The Hidden Light,43.5,1,In stock,Fantasy
12,The Ancient Truth of Fiction,36.7,5,In stock,Poetry
13,The Burning Shadow of Fantasy,44.4,5,In stock,Romance
14,The Wild Sky of Historical,51.08,3,Out of stock,Philosophy
15,The Silent Truth,57.14,3,Out of stock,Romance
16,The Brave House,54.23,3,In stock,Fiction
17,The Silent Heart,38.06,3,In stock,Biography
18,The Burning River of Romance,20.96,4,Out of stock,Crime
19,The Forgotten Truth of Travel,17.64,4,In stock,Fantasy
20,The Burning Voice,29.08,3,Out of stock,Crime
21,The Silent Dream of Mystery,44.01,4,In stock,Crime
22,The Infinite Shadow of Romance,15.58,2,In stock,Poetry
23,The Dark Garden of Sci-Fi,58.58,3,In stock,Crime
24,The Lost Path of Fantasy,35.38,4,In stock,Romance
25,The Infinite Heart of Crime,55.92,4,In stock,Poetry
26,The Dark Truth of Sci-Fi,21.97,5,In stock,Biography
27,The Lost Truth of Travel,58.89,3,In stock,Fiction
28,The Hidden House,37.48,4,In stock,Biography
29,The Burning Storm of Self-Help,44.49,4,In stock,Philosophy
30,The Ancient House,54.97,1,In stock,Historical
31,The Brave Truth,39.41,4,In stock,Historical
32,The Dark Truth of Mystery,21.44,3,Out of stock,Romance
33,The Lost Dream,43.44,2,In stock,Fiction
34,The Secret River of Biography,33.63,5,In stock,Philosophy
35,The Brave Truth,31.55,5,In stock,Poetry
36,The Wild Garden,42.67,5,In stock,Mystery
37,The Burning Garden,53.08,3,In stock,Historical
38,The Last World,19.17,2,In stock,Travel
39,The Forgotten Sky of Crime,14.89,4,In stock,Crime
40,The Wild Journey of Historical,18.31,4,In stock,Historical
41,The Wild City of Fiction,28.94,2,Out of stock,Sci-Fi
42,The Infinite Sky,31.15,4,Out of stock,Crime
43,The Ancient Garden,19.49,1,In stock,Mystery
44,The New Garden of Self-Help,25.68,5,In stock,Poetry
45,The Last River of Fiction,12.84,3,In stock,Fiction
46,The Lost Voice,53.08,4,In stock,Biography
47,The Brave Voice of Biography,14.1,3,In stock,Biography
48,The Last Light of Historical,43.48,4,In stock,Sci-Fi
49,The Burning Heart of Sci-Fi,32.86,4,Out of stock,Travel
50,The Dark World of Biography,59.79,3,In stock,Historical
51,The Last Shadow,27.45,5,In stock,Historical
52,The Golden Shadow,51.68,5,In stock,Biography
53,The Infinite House of Fantasy,50.85,5,In stock,Fantasy
54,The Lost River,15.77,5,In stock,Crime
55,The Hidden Shadow,20.53,4,In stock,Fantasy
56,The Ancient Path,34.42,5,Out of stock,Mystery
57,The Lost House,23.83,2,In stock,Fiction
58,The Ancient Shadow,32.09,3,In stock,Crime
59,The Dark Truth,54.15,1,Out of stock,Crime
60,The Dark Path,37.62,3,In stock,Mystery
61,The Silent Light of Mystery,54.94,4,In stock,Historical
62,The Ancient Truth,37.99,3,Out of stock,Biography
63,The Secret Heart of Historical,53.22,5,Out of stock,Fiction
64,The Burning Journey,56.22,4,In stock,Philosophy
65,The Infinite House of Historical,23.34,3,In stock,Travel
66,The Burning Path,33.53,4,In stock,Poetry
67,The Golden Shadow of Historical,21.14,2,In stock,Philosophy
68,The Golden Shadow of Sci-Fi,27.55,5,In stock,Fantasy
69,The Wild Dream,11.38,2,Out of stock,Sci-Fi
70,The Hidden Voice of Sci-Fi,11.91,5,In stock,Romance
71,The Secret Sky,40.3,5,In stock,Philosophy
72,The New Storm,45.43,3,In stock,Crime
73,The Ancient Garden of Self-Help,43.52,1,In stock,Travel
74,The Ancient River,25.69,5,Out of stock,Self-Help
75,The Silent Dream,30.42,5,In stock,Sci-Fi
76,The Last Heart,43.24,5,In stock,Self-Help
77,The Hidden Voice of Philosophy,37.39,5,In stock,Sci-Fi
78,The Brave City of Biography,42.73,2,In stock,Poetry
79,The Ancient Storm of Self-Help,18.48,4,In stock,Crime
80,The Ancient House of Travel,50.91,2,In stock,Fantasy
81,The Silent Storm of Fiction,11.22,5,In stock,Poetry
82,The New Path of Poetry,30.72,4,In stock,Historical
83,The Secret Garden,29.98,3,In stock,Self-Help
84,The Dark River of Travel,48.91,2,In stock,Self-Help
85,The Last World,22.46,3,Out of stock,Poetry
86,The Hidden Sky,36.55,3,In stock,Romance
87,The Infinite River,50.74,5,Out of stock,Philosophy
88,The Wild River of Fiction,47.18,4,In stock,Sci-Fi
89,The Infinite Storm of Sci-Fi,48.28,5,In stock,Fantasy
90,The Brave Shadow,45.67,4,In stock,Romance
91,The Golden River of Fiction,17.54,2,In stock,Fiction
92,The Secret Storm,30.38,5,In stock,Philosophy
93,The Dark Storm of Philosophy,55.23,5,In stock,Self-Help
94,The Dark Path of Biography,29.02,4,In stock,Romance
95,The Silent Sky,54.57,5,Out of stock,Crime
96,The Secret Garden of Biography,54.88,4,In stock,Sci-Fi
97,The Burning World,26.8,4,In stock,Philosophy
98,The Secret Heart of Fiction,59.03,4,In stock,Philosophy
99,The New Voice of Travel,42.13,1,In stock,Poetry
100,The Hidden Journey,26.36,2,In stock,Romance
101,The Infinite River,47.59,1,Out of stock,Sci-Fi
102,The Wild Truth,47.44,4,In stock,Romance
103,The Brave House,57.85,3,In stock,Mystery
104,The Brave Storm of Biography,17.62,4,In stock,Fantasy
105,The Lost Voice of Poetry,44.97,5,In stock,Fiction
106,The New Voice of Self-Help,15.73,3,Out of stock,Sci-Fi
107,The Lost Voice,25.59,4,In stock,Philosophy
108,The Burning Garden,39.6,5,Out of stock,Historical
109,The Lost Garden of Fantasy,40.01,3,In stock,Biography
110,The Infinite Journey,31.41,2,In stock,Crime
111,The Ancient Light,31.0,3,In stock,Philosophy
112,The Golden House of Poetry,45.36,3,In stock,Self-Help
113,The Last House,50.4,5,In stock,Poetry
114,The Forgotten City of Biography,23.42,5,Out of stock,Travel
115,The Silent River,47.52,4,In stock,Fantasy
116,The Burning Light,52.54,5,In stock,Historical
117,The Golden Sky,23.98,5,In stock,Sci-Fi
118,The Last Journey of Historical,14.28,3,In stock,Poetry
119,The Last Sky,33.8,5,In stock,Poetry
120,The Infinite Journey,21.08,4,In stock,Sci-Fi
121,The Ancient Voice,37.67,5,In stock,Self-Help
122,The Last Light,32.68,5,In stock,Historical
123,The Lost Garden,15.98,3,In stock,Self-Help
124,The Hidden Storm,34.21,2,In stock,Crime
125,The New Shadow of Historical,24.81,3,In stock,Sci-Fi
126,The Dark Garden of Sci-Fi,12.28,4,In stock,Sci-Fi
127,The Secret Heart of Poetry,15.13,5,In stock,Sci-Fi
128,The Forgotten World,19.22,5,In stock,Poetry
129,The Lost Path,34.58,1,In stock,Fantasy
130,The Dark Heart,38.14,4,In stock,Historical
131,The Lost Dream of Biography,39.8,4,In stock,Crime
132,The Burning World of Sci-Fi,53.0,3,Out of stock,Sci-Fi
133,The New Voice,58.0,2,In stock,Historical
134,The Ancient Storm,14.06,3,In stock,Crime
135,The Lost Heart,32.52,5,In stock,Sci-Fi
136,The Dark Storm,24.13,3,Out of stock,Travel
137,The Ancient Storm of Fantasy,39.48,4,Out of stock,Historical
138,The Burning Truth of Fantasy,17.45,5,In stock,Fiction
139,The Lost Journey,25.38,4,In stock,Biography
140,The Silent World,44.43,5,In stock,Sci-Fi
141,The Last Dream,14.02,5,In stock,Philosophy
142,The Secret Light of Mystery,14.57,3,Out of stock,Biography
143,The New Journey of Fantasy,51.06,4,In stock,Fiction
144,The Forgotten Dream of Sci-Fi,19.07,3,In stock,Fantasy
145,The Wild World of Poetry,27.39,3,In stock,Fantasy
146,The Lost Path,30.58,1,In stock,Fantasy
147,The Burning Path of Mystery,32.74,4,In stock,Romance
148,The Lost Sky,35.72,4,Out of stock,Fantasy
149,The Wild Dream,12.71,2,In stock,Biography
150,The Infinite World of Mystery,20.18,3,In stock,Sci-Fi
151,The Forgotten River of Travel,11.44,5,In stock,Historical
152,The Secret Heart,10.68,3,In stock,Historical
153,The Wild River,57.34,2,In stock,Fiction
154,The Forgotten River of Crime,45.26,4,In stock,Poetry
155,The Forgotten Storm,17.23,5,In stock,Biography
156,The Last Garden of Travel,23.81,3,In stock,Philosophy
157,The Golden River of Sci-Fi,51.02,4,In stock,Sci-Fi
158,The Wild Voice of Fantasy,34.48,5,In stock,Crime
159,The Forgotten Light,48.14,3,In stock,Romance
160,The Wild Storm of Historical,38.58,5,In stock,Philosophy
161,The Dark Light of Self-Help,55.66,4,In stock,Fantasy
162,The Infinite Path of Fiction,34.76,4,In stock,Crime
163,The New Light of Poetry,14.98,4,Out of stock,Mystery
164,The Secret Heart,42.73,4,In stock,Poetry
165,The Infinite Shadow,44.63,2,In stock,Romance
166,The Wild House of Philosophy,57.7,5,In stock,Poetry
167,The Wild Dream,13.42,3,In stock,Sci-Fi
168,The Brave Garden,58.91,3,In stock,Self-Help
169,The Wild Truth,44.69,1,Out of stock,Mystery
170,The Golden Sky,27.92,4,In stock,Historical
171,The Last City of Fiction,18.5,4,In stock,Philosophy
172,The New House,55.63,1,In stock,Poetry
173,The Ancient Shadow,43.34,4,Out of stock,Poetry
174,The Silent House of Travel,32.08,3,In stock,Biography
175,The Silent House of Self-Help,22.5,4,Out of stock,Historical
176,The Burning Path,21.86,3,In stock,Biography
177,The Silent Garden,58.89,4,In stock,Sci-Fi
178,The Dark Voice of Self-Help,58.67,4,Out of stock,Self-Help
179,The Forgotten Path of Sci-Fi,48.78,5,In stock,Romance
180,The Brave House,22.53,2,In stock,Fantasy
181,The Ancient Path,14.86,3,In stock,Mystery
182,The Silent Sky,38.97,2,In stock,Travel
183,The Silent Light of Fiction,20.04,5,In stock,Romance
184,The Last Dream of Fiction,22.85,5,Out of stock,Poetry
185,The Infinite Shadow of Romance,50.2,3,In stock,Travel
186,The Hidden Sky of Fantasy,46.2,4,Out of stock,Crime
187,The Golden Truth of Mystery,23.22,5,In stock,Romance
188,The Ancient Garden of Biography,29.05,4,In stock,Romance
189,The Lost House,11.25,4,Out of stock,Crime
190,The Golden River of Fantasy,13.16,3,Out of stock,Self-Help
191,The Silent House,16.99,2,Out of stock,Sci-Fi
192,The Forgotten Truth,54.35,5,In stock,Poetry
193,The Golden House of Self-Help,57.29,5,In stock,Self-Help
194,The Secret Heart of Fantasy,14.95,4,In stock,Philosophy
195,The Silent Journey of Historical,32.16,3,Out of stock,Romance
196,The Lost House,55.08,3,In stock,Mystery
197,The Burning Shadow,16.11,5,Out of stock,Poetry
198,The Lost House,41.97,5,Out of stock,Mystery
199,The Infinite Light,16.29,5,In stock,Travel
200,The Wild Sky of Biography,20.8,5,Out of stock,Romance
201,The Infinite Heart of Biography,10.14,4,Out of stock,Fiction
202,The Hidden Dream,18.72,2,In stock,Mystery
203,The Hidden Journey,49.41,3,In stock,Mystery
204,The Hidden Shadow,47.08,5,In stock,Self-Help
205,The Lost World,28.1,4,In stock,Poetry
206,The Last Storm of Mystery,46.35,1,Out of stock,Fantasy
207,The Last Shadow,58.19,2,In stock,Poetry
208,The Wild City,15.4,4,In stock,Poetry
209,The Lost River,40.41,1,In stock,Sci-Fi
210,The New House of Self-Help,26.26,3,Out of stock,Crime
211,The Silent World of Philosophy,14.96,4,In stock,Fantasy
212,The Ancient River of Self-Help,53.27,4,In stock,Historical
213,The Burning Light of Philosophy,30.8,4,In stock,Philosophy
214,The Golden House,57.67,3,In stock,Poetry
215,The Lost Truth of Travel,31.59,5,In stock,Romance
216,The Infinite Heart of Biography,57.82,3,In stock,Fantasy
217,The Lost City,43.26,3,In stock,Self-Help
218,The Dark Shadow of Romance,15.18,5,In stock,Fiction
219,The Ancient World,15.41,4,Out of stock,Romance
220,The Lost Sky,21.31,5,In stock,Crime
221,The Infinite Path of Fantasy,42.13,4,In stock,Fantasy
222,The Wild Garden,19.02,4,In stock,Sci-Fi
223,The Golden Light,53.48,2,In stock,Philosophy
224,The Lost Heart of Mystery,14.59,4,In stock,Philosophy
225,The Burning World,28.5,3,In stock,Biography
226,The New Truth of Fiction,17.87,3,In stock,Fantasy
227,The Lost Shadow,31.2,5,In stock,Philosophy
228,The Silent Storm of Travel,27.26,4,In stock,Fantasy
229,The Ancient Voice,43.35,5,In stock,Philosophy
230,The New Journey,25.07,4,In stock,Fiction
231,The Infinite Shadow,16.0,5,In stock,Philosophy
232,The Hidden Heart,45.18,4,In stock,Fantasy
233,The Infinite Light,53.08,4,In stock,Mystery
234,The Forgotten River,25.65,4,In stock,Philosophy
235,The Secret House,15.76,3,In stock,Romance
236,The Hidden Sky of Poetry,51.59,5,Out of stock,Travel
237,The Burning Path,31.78,3,In stock,Travel
238,The Burning Path,26.97,1,In stock,Fiction
239,The Lost Dream of Crime,35.49,4,Out of stock,Romance
240,The Golden Garden of Fantasy,50.74,3,In stock,Fiction
241,The Silent Storm,17.64,5,In stock,Travel
242,The Hidden Sky of Poetry,47.71,5,In stock,Poetry
243,The Ancient River of Fantasy,41.76,5,In stock,Fantasy
244,The Golden Heart,33.44,4,In stock,Sci-Fi
245,The New Journey,13.71,1,In stock,Mystery
246,The Dark Light of Travel,42.23,5,Out of stock,Travel
247,The New Voice of Poetry,39.01,4,Out of stock,Self-Help
248,The Dark World of Biography,42.59,5,In stock,Poetry
249,The Last Heart of Poetry,15.17,5,Out of stock,Romance
250,The Secret Truth of Fiction,11.96,5,In stock,Poetry
251,The Last Dream of Romance,28.64,3,In stock,Philosophy
252,The Infinite Light of Mystery,49.45,4,In stock,Travel
253,The Golden Truth of Philosophy,24.2,5,In stock,Fantasy
254,The New Path,14.07,3,In stock,Romance
255,The Silent House of Philosophy,16.45,3,In stock,Travel
256,The Silent Dream,49.58,4,Out of stock,Fantasy
257,The Secret Path of Fantasy,55.61,5,In stock,Fantasy
258,The Burning Dream,28.13,4,In stock,Historical
259,The Golden Sky,21.32,4,In stock,Travel
260,The Silent Path of Crime,48.54,2,Out of stock,Crime
261,The Dark House,48.31,4,In stock,Philosophy
262,The Hidden Heart,44.64,5,In stock,Fiction
263,The Secret World,28.21,2,In stock,Poetry
264,The New Shadow of Poetry,21.7,4,In stock,Poetry
265,The Wild Storm,57.35,5,Out of stock,Poetry
266,The Infinite Shadow of Crime,36.37,5,Out of stock,Historical
267,The Infinite Voice,22.5,4,In stock,Romance
268,The Last River,52.29,5,Out of stock,Sci-Fi
269,The Lost Sky,32.46,4,In stock,Philosophy
270,The Lost River,32.55,3,In stock,Mystery
271,The Burning Journey,28.69,5,In stock,Travel
272,The Golden Storm,56.53,5,Out of stock,Fantasy
273,The Golden Sky,11.91,5,Out of stock,Poetry
274,The Secret Path,45.27,5,In stock,Mystery
275,The Lost Journey,51.74,4,In stock,Self-Help
276,The New Dream,48.8,4,In stock,Travel
277,The Dark Storm,49.69,5,In stock,Travel
278,The Wild River,36.8,4,In stock,Biography
279,The Brave Garden,31.46,5,In stock,Historical
280,The New City,43.4,5,In stock,Romance
281,The Lost Dream of Crime,37.7,5,In stock,Poetry
282,The Dark House,28.66,3,In stock,Romance
283,The Infinite Truth,46.64,4,In stock,Biography
284,The Secret Sky,12.22,2,In stock,Fantasy
285,The Hidden Path of Poetry,59.03,4,In stock,Fiction
286,The Infinite Heart,48.8,1,In stock,Sci-Fi
287,The Brave Journey of Mystery,25.78,4,In stock,Philosophy
288,The Wild Dream,11.83,4,In stock,Sci-Fi
289,The Golden Path of Fantasy,26.59,3,In stock,Romance
290,The Burning River,31.98,4,Out of stock,Romance
291,The Hidden World of Romance,56.21,1,In stock,Travel
292,The Secret City,40.12,1,Out of stock,Crime
293,The Silent Light,26.39,5,In stock,Poetry
294,The New Garden,44.48,4,In stock,Mystery
295,The Secret Path of Biography,59.9,2,In stock,Mystery
296,The Lost House of Romance,35.65,4,In stock,Fiction
297,The Dark Heart of Fantasy,49.06,5,In stock,Travel
298,The Brave Sky of Romance,29.14,3,In stock,Biography
299,The Hidden House,28.54,4,In stock,Travel
300,The New Heart of Philosophy,25.72,2,In stock,Travel
301,The Dark Garden,35.88,2,Out of stock,Travel
302,The Silent Sky,32.31,4,Out of stock,Sci-Fi
303,The Secret River of Historical,16.13,4,Out of stock,Poetry
304,The Hidden River of Travel,50.52,4,Out of stock,Romance
305,The Ancient Light of Crime,37.1,5,Out of stock,Fiction
306,The Secret Garden of Fantasy,18.7,5,In stock,Historical
307,The Lost Storm of Historical,49.51,4,In stock,Crime
308,The New Light,59.14,3,In stock,Travel
309,The Lost Shadow,45.84,5,In stock,Philosophy
310,The Infinite City of Travel,16.27,3,In stock,Travel
311,The Forgotten World of Romance,16.42,4,Out of stock,Crime
312,The Ancient Voice,58.3,2,In stock,Mystery
313,The Wild Truth of Sci-Fi,18.23,1,In stock,Self-Help
314,The Brave Light of Crime,54.74,5,Out of stock,Sci-Fi
315,The Brave House of Sci-Fi,16.26,5,In stock,Crime
316,The Lost Dream of Biography,57.07,4,In stock,Fantasy
317,The New Garden of Romance,52.12,4,In stock,Mystery
318,The Lost Journey of Biography,23.23,3,In stock,Biography
319,The Burning Voice of Poetry,54.44,3,In stock,Fantasy
320,The Silent World,50.36,3,In stock,Poetry
321,The Lost Garden,31.98,4,In stock,Historical
322,The Golden Voice,53.07,5,In stock,Romance
323,The Burning Heart of Crime,38.08,4,In stock,Poetry
324,The Lost Shadow,17.04,3,In stock,Philosophy
325,The Wild Voice,58.12,5,Out of stock,Romance
326,The New Garden,48.15,5,In stock,Crime
327,The Forgotten World of Poetry,11.16,4,Out of stock,Crime
328,The Forgotten Storm,27.64,4,In stock,Poetry
329,The New River of Fantasy,33.52,4,In stock,Travel
330,The Burning Heart of Self-Help,28.29,3,In stock,Mystery
331,The Burning Journey of Historical,28.12,4,In stock,Philosophy
332,The Last World of Sci-Fi,51.26,5,In stock,Biography
333,The Lost Heart of Philosophy,28.66,1,Out of stock,Crime
334,The Golden Sky,40.12,2,In stock,Mystery
335,The Dark Journey,26.65,1,In stock,Poetry
336,The Hidden Voice of Fiction,26.4,1,In stock,Fiction
337,The Burning Voice of Sci-Fi,39.68,5,In stock,Crime
338,The Last World of Sci-Fi,33.74,5,In stock,Romance
339,The Ancient Truth of Biography,25.38,4,Out of stock,Self-Help
340,The Ancient Journey of Sci-Fi,58.34,2,In stock,Biography
341,The New Storm of Biography,34.02,4,In stock,Self-Help
342,The New Sky of Fiction,51.07,4,In stock,Biography
343,The Secret Truth,32.05,3,In stock,Philosophy
344,The Secret Storm,48.74,4,Out of stock,Self-Help
345,The Secret Journey of Crime,20.37,4,In stock,Fantasy
346,The Forgotten Dream,57.82,4,In stock,Crime
347,The Golden Dream,48.59,4,In stock,Fantasy
348,The Infinite Garden,34.2,1,Out of stock,Sci-Fi
349,The Last Shadow,58.64,4,In stock,Sci-Fi
350,The Secret Storm of Poetry,25.85,4,In stock,Self-Help
351,The Silent Shadow,43.82,4,In stock,Philosophy
352,The Wild Light of Fiction,24.52,5,In stock,Self-Help
353,The Lost Light of Fantasy,22.82,4,In stock,Historical
354,The Wild Dream,38.1,3,In stock,Travel
355,The New Garden of Historical,12.54,2,Out of stock,Historical
356,The Ancient Storm,30.66,4,In stock,Travel
357,The Ancient Sky,58.22,1,Out of stock,Fiction
358,The Burning House of Poetry,33.87,4,In stock,Sci-Fi
359,The Golden Shadow of Travel,42.61,5,In stock,Self-Help
360,The Secret Path of Fiction,30.89,4,Out of stock,Mystery
361,The Wild City of Fiction,56.82,4,Out of stock,Sci-Fi
362,The Dark Journey,40.13,4,Out of stock,Romance
363,The Silent World of Crime,36.21,4,Out of stock,Fiction
364,The Wild Dream,19.64,4,In stock,Fiction
365,The Secret World of Self-Help,19.31,5,In stock,Sci-Fi
366,The New House of Fiction,40.54,4,In stock,Philosophy
367,The Wild City of Travel,30.04,5,In stock,Fiction
368,The Forgotten Light of Mystery,23.04,5,In stock,Sci-Fi
369,The Golden Shadow of Biography,10.57,3,In stock,Self-Help
370,The Brave Journey of Poetry,25.34,2,In stock,Crime
371,The Secret Sky,15.87,2,Out of stock,Sci-Fi
372,The Golden Voice,57.86,1,In stock,Poetry
373,The Secret Voice,45.09,2,Out of stock,Crime
374,The Infinite House of Historical,44.01,4,In stock,Travel
375,The Last World of Romance,13.9,2,In stock,Mystery
376,The Wild Dream of Historical,38.63,3,In stock,Romance
377,The Wild Dream,44.01,5,In stock,Poetry
378,The Lost River of Mystery,32.67,1,In stock,Poetry
379,The New Journey of Fantasy,50.34,5,In stock,Philosophy
380,The Silent Path,20.89,3,In stock,Philosophy
381,The Golden Garden,59.7,2,Out of stock,Travel
382,The Forgotten Journey,19.0,4,In stock,Fantasy
383,The Secret House of Romance,59.63,4,In stock,Philosophy
384,The Burning Truth of Fantasy,53.72,5,In stock,Romance
385,The Lost Heart of Philosophy,36.44,5,In stock,Historical
386,The Wild Journey of Sci-Fi,33.15,5,In stock,Philosophy
387,The Last City of Historical,33.03,3,In stock,Historical
388,The Secret Sky,50.47,3,In stock,Mystery
389,The Brave Storm,39.69,5,In stock,Fantasy
390,The Secret Path,47.02,5,In stock,Historical
391,The Last Storm of Mystery,17.01,5,Out of stock,Historical
392,The Wild River of Romance,38.87,4,In stock,Romance
393,The Brave Shadow of Fantasy,36.06,4,In stock,Sci-Fi
394,The Dark Dream of Self-Help,55.57,5,In stock,Philosophy
395,The Last World,27.22,3,In stock,Philosophy
396,The Infinite Dream,30.81,5,In stock,Philosophy
397,The Hidden Sky of Historical,52.46,5,In stock,Self-Help
398,The Hidden Sky,12.88,4,In stock,Philosophy
399,The Last Dream,22.14,5,In stock,Fantasy
400,The Lost River,28.55,5,In stock,Historical
401,The Dark Shadow,40.24,2,In stock,Travel
402,The Brave Sky of Self-Help,43.57,5,In stock,Historical
403,The Wild River,57.84,4,In stock,Historical
404,The Secret Truth of Poetry,55.71,5,In stock,Self-Help
405,The Brave City of Crime,26.08,3,In stock,Poetry
406,The Last House,23.08,5,In stock,Poetry
407,The Forgotten Truth of Self-Help,33.47,4,Out of stock,Historical
408,The Golden Light,38.12,1,In stock,Fiction
409,The Dark Shadow of Biography,38.95,5,In stock,Fiction
410,The Brave Light,38.48,2,In stock,Crime
411,The Ancient House,48.16,3,In stock,Self-Help
412,The Ancient Garden,18.41,5,In stock,Fiction
413,The Hidden Garden of Fiction,55.84,5,In stock,Fantasy
414,The Dark Dream,52.33,4,Out of stock,Fantasy
415,The Dark Sky,16.87,4,In stock,Travel
416,The Secret Heart,35.28,4,In stock,Biography
417,The Ancient House of Poetry,42.96,3,In stock,Crime
418,The Last City,36.47,3,In stock,Sci-Fi
419,The Dark Dream of Fantasy,31.52,4,Out of stock,Fiction
420,The Lost River,17.44,5,In stock,Crime
421,The Silent Path,49.74,5,In stock,Philosophy
422,The Forgotten Voice,44.85,5,In stock,Travel
423,The Ancient Path of Mystery,14.67,2,In stock,Crime
424,The Forgotten Journey of Self-Help,18.57,4,In stock,Philosophy
425,The Ancient Sky,58.86,2,Out of stock,Crime
426,The Dark Storm,53.4,4,Out of stock,Poetry
427,The Silent Journey of Fantasy,56.27,4,Out of stock,Biography
428,The Ancient Journey,52.51,5,In stock,Historical
429,The New Heart of Self-Help,51.04,4,Out of stock,Sci-Fi
430,The Hidden Voice,51.72,2,In stock,Crime
431,The Golden City of Fiction,49.52,2,In stock,Travel
432,The Last Garden of Mystery,14.88,5,In stock,Travel
433,The Golden Voice of Biography,29.83,4,In stock,Mystery
434,The Ancient Shadow of Poetry,34.53,2,In stock,Philosophy
435,The Burning Heart of Fantasy,29.0,2,In stock,Sci-Fi
436,The Infinite Storm of Travel,23.4,5,In stock,Fantasy
437,The Hidden Garden,28.03,2,In stock,Sci-Fi
438,The Forgotten Light of Travel,16.62,5,In stock,Poetry
439,The Last Dream of Travel,11.31,5,In stock,Travel
440,The New Voice of Philosophy,10.62,2,In stock,Travel
441,The Secret River of Historical,38.59,2,In stock,Philosophy
442,The Hidden Heart,23.42,5,In stock,Fiction
443,The Burning Shadow,34.21,4,In stock,Sci-Fi
444,The Brave Garden of Biography,40.83,4,In stock,Fiction
445,The Silent Journey of Romance,52.07,5,In stock,Romance
446,The Forgotten Light,51.17,5,In stock,Biography
447,The Hidden Shadow,57.35,5,In stock,Romance
448,The Hidden City of Sci-Fi,46.74,5,In stock,Biography
449,The Infinite Storm,24.01,4,In stock,Romance
450,The Lost River of Biography,59.85,2,In stock,Crime
451,The Dark Garden,45.41,5,In stock,Sci-Fi
452,The Wild Garden,52.38,4,In stock,Fantasy
453,The Forgotten Heart of Historical,22.63,4,In stock,Philosophy
454,The Infinite City,59.53,5,In stock,Philosophy
455,The Last Dream of Self-Help,30.91,2,In stock,Romance
456,The Secret River of Biography,41.9,4,In stock,Historical
457,The Ancient House,42.34,1,In stock,Fantasy
458,The Ancient House,47.63,4,Out of stock,Philosophy
459,The Lost Journey,21.1,2,In stock,Crime
460,The New Garden of Poetry,28.7,2,In stock,Fantasy
461,The New Garden of Romance,59.88,2,In stock,Sci-Fi
462,The Burning River of Travel,51.56,4,In stock,Romance
463,The Silent Light,20.34,5,In stock,Poetry
464,The Lost World of Poetry,25.94,4,In stock,Self-Help
465,The Lost Journey of Fantasy,15.47,5,Out of stock,Self-Help
466,The Brave Dream,18.01,4,In stock,Poetry
467,The Brave Sky,19.22,3,In stock,Philosophy
468,The Burning Journey of Historical,32.47,5,In stock,Mystery
469,The Secret Storm,47.61,3,Out of stock,Travel
470,The New Truth of Crime,19.35,5,In stock,Poetry
471,The Lost Shadow of Poetry,36.38,1,In stock,Biography
472,The Burning Voice,15.71,5,In stock,Poetry
473,The New Heart of Self-Help,50.02,1,Out of stock,Biography
474,The Lost House,15.89,5,In stock,Fiction
475,The Golden Garden,29.42,4,In stock,Biography
476,The Burning City,41.77,5,In stock,Fantasy
477,The Hidden Dream,24.44,2,In stock,Poetry
478,The New Journey of Mystery,34.23,4,In stock,Philosophy
479,The Last Dream of Philosophy,44.23,5,In stock,Poetry
480,The Forgotten Heart,11.54,4,In stock,Sci-Fi
481,The Dark Shadow,24.43,4,In stock,Biography
482,The Secret Sky of Crime,35.54,4,In stock,Sci-Fi
483,The Infinite Dream of Romance,37.1,4,In stock,Self-Help
484,The Forgotten Dream,31.25,4,In stock,Fantasy
485,The Infinite Storm,59.96,4,In stock,Romance
486,The Wild Path,53.26,5,In stock,Historical
487,The Brave Sky of Self-Help,27.53,1,In stock,Fantasy
488,The Burning Heart of Historical,50.67,3,Out of stock,Biography
489,The Golden Dream,36.93,5,In stock,Self-Help
490,The Silent Shadow of Crime,59.26,5,In stock,Travel
491,The Hidden Sky of Mystery,59.61,4,Out of stock,Fiction
492,The Secret Path,17.31,4,In stock,Historical
493,The Infinite Path of Poetry,17.11,3,In stock,Fantasy
494,The Burning City,41.68,3,Out of stock,Travel
495,The Burning Dream of Self-Help,56.81,4,In stock,Poetry
496,The Golden Voice,48.7,4,In stock,Self-Help
497,The Forgotten House of Romance,52.5,4,In stock,Philosophy
498,The Brave City of Poetry,23.42,2,Out of stock,Romance
499,The Last Voice,52.61,5,In stock,Fantasy
500,The Infinite Journey,41.3,5,Out of stock,Mystery
501,The Lost River of Poetry,32.82,4,Out of stock,Philosophy
502,The Brave Garden of Fantasy,25.09,4,Out of stock,Sci-Fi
503,The Lost House,14.12,3,In stock,Fantasy
504,The Hidden Journey,25.27,5,In stock,Historical
505,The Burning House,14.76,4,In stock,Travel
506,The Hidden Voice,43.99,3,In stock,Self-Help
507,The Golden Path,53.01,5,In stock,Poetry
508,The Lost Storm,46.53,5,In stock,Romance
509,The Golden River,29.13,5,Out of stock,Fiction
510,The Ancient House,36.52,5,In stock,Fantasy
511,The Hidden World,20.65,4,In stock,Philosophy
512,The New House,20.86,4,Out of stock,Fiction
513,The Infinite Truth of Philosophy,27.57,5,In stock,Fiction
514,The Brave Shadow of Historical,37.66,5,In stock,Biography
515,The Silent Sky of Mystery,52.39,1,In stock,Sci-Fi
516,The Brave Dream of Historical,47.38,1,In stock,Mystery
517,The Infinite River of Historical,34.74,4,In stock,Poetry
518,The Ancient Voice,54.43,5,In stock,Romance
519,The Golden Heart,51.94,5,In stock,Crime
520,The Ancient Heart of Travel,10.83,3,In stock,Sci-Fi
521,The Brave Journey of Philosophy,35.33,4,In stock,Crime
522,The Infinite City,30.11,4,In stock,Crime
523,The New Heart,25.49,5,In stock,Historical
524,The Infinite Heart of Philosophy,39.32,5,In stock,Fantasy
525,The Ancient House,44.93,5,In stock,Historical
526,The Dark Storm,31.72,4,In stock,Biography
527,The Dark Shadow of Fantasy,47.03,4,In stock,Self-Help
528,The Hidden Garden,34.82,3,In stock,Crime
529,The Infinite Path of Fiction,28.59,2,In stock,Sci-Fi
530,The Secret River,54.99,5,In stock,Philosophy
531,The Silent Dream,45.61,5,In stock,Travel
532,The Forgotten World of Mystery,34.98,5,In stock,Romance
533,The Hidden Shadow of Biography,43.7,5,In stock,Self-Help
534,The Last Journey,53.14,4,In stock,Poetry
535,The Golden City of Fiction,56.55,5,Out of stock,Crime
536,The Infinite River of Fantasy,30.96,5,In stock,Philosophy
537,The Secret Light,13.89,5,In stock,Crime
538,The Ancient River,21.16,3,In stock,Mystery
539,The Burning Truth of Sci-Fi,48.67,4,In stock,Travel
540,The Last World,20.03,2,In stock,Sci-Fi
541,The Secret Voice,28.41,5,Out of stock,Historical
542,The Secret River of Historical,17.53,4,Out of stock,Mystery
543,The Brave Dream,51.97,3,Out of stock,Romance
544,The Dark Sky of Self-Help,46.35,4,In stock,Crime
545,The Brave City,12.99,4,Out of stock,Self-Help
546,The Silent Truth,21.57,4,Out of stock,Philosophy
547,The Secret River,58.72,2,In stock,Travel
548,The Last Heart of Philosophy,13.74,4,In stock,Philosophy
549,The Ancient Heart,23.05,4,In stock,Philosophy
550,The Secret Path of Romance,32.63,5,In stock,Historical
551,The Hidden Sky of Travel,17.77,4,In stock,Poetry
552,The Golden City,27.91,5,In stock,Poetry
553,The Silent World,15.99,4,In stock,Fantasy
554,The Silent Path of Biography,12.02,4,Out of stock,Romance
555,The Hidden Truth of Romance,29.81,5,In stock,Sci-Fi
556,The Silent Path of Mystery,57.6,4,Out of stock,Crime
557,The Secret Dream,33.1,2,Out of stock,Fiction
558,The Lost Journey,49.04,1,In stock,Historical
559,The Wild City,41.51,5,In stock,Biography
560,The New Shadow of Travel,11.09,4,In stock,Fantasy
561,The Forgotten Sky,55.24,5,Out of stock,Romance
562,The Lost Journey of Mystery,18.4,3,In stock,Self-Help
563,The Burning World,44.15,2,In stock,Historical
564,The Hidden Shadow,54.16,1,In stock,Biography
565,The New Storm of Poetry,30.6,4,In stock,Mystery
566,The Lost Shadow,30.96,4,In stock,Crime
567,The Brave House of Crime,49.73,4,Out of stock,Self-Help
568,The Golden World of Poetry,27.2,4,In stock,Romance
569,The Burning Shadow,25.94,5,In stock,Sci-Fi
570,The Dark Sky of Crime,27.87,3,In stock,Historical
571,The Hidden Truth,22.06,4,In stock,Self-Help
572,The Dark Sky of Historical,38.78,5,Out of stock,Philosophy
573,The Golden River of Fiction,18.8,4,In stock,Self-Help
574,The Secret Light of Mystery,45.17,4,In stock,Biography
575,The New Heart of Historical,51.83,5,Out of stock,Poetry
576,The Last Shadow,11.9,5,In stock,Biography
577,The Brave Journey of Mystery,26.58,2,In stock,Fiction
578,The Golden Garden,50.11,5,Out of stock,Mystery
579,The Dark Heart of Fiction,48.71,4,Out of stock,Romance
580,The Lost Light of Fantasy,29.78,3,In stock,Sci-Fi
581,The Golden Heart of Self-Help,57.43,4,In stock,Poetry
582,The Ancient Light,58.43,5,In stock,Biography
583,The Infinite Light,39.44,4,In stock,Sci-Fi
584,The Secret Garden,18.88,3,In stock,Self-Help
585,The New City of Biography,11.62,4,In stock,Biography
586,The Brave House of Poetry,17.03,3,In stock,Historical
587,The Golden Light,54.26,2,In stock,Self-Help
588,The Ancient House of Romance,32.33,2,In stock,Historical
589,The Secret Truth,49.34,2,In stock,Mystery
590,The Burning World of Fiction,54.22,3,In stock,Philosophy
591,The Golden Dream,51.43,2,In stock,Biography
592,The Ancient Sky of Fiction,32.56,4,In stock,Mystery
593,The Silent Journey,57.57,3,In stock,Fiction
594,The Burning Heart of Crime,57.08,3,Out of stock,Romance
595,The New Voice of Self-Help,11.55,5,Out of stock,Fiction
596,The New River,12.68,4,In stock,Historical
597,The Burning Garden of Self-Help,37.0,4,In stock,Sci-Fi
598,The Brave Truth,38.58,3,Out of stock,Fiction
599,The Dark Light,14.38,3,Out of stock,Fantasy
600,The New World,11.29,1,In stock,Sci-Fi
601,The Lost World of Sci-Fi,49.24,3,In stock,Fantasy
602,The Silent Truth of Philosophy,19.24,3,Out of stock,Romance
603,The Hidden World,31.98,3,In stock,Sci-Fi
604,The New Journey,44.82,2,In stock,Fantasy
605,The Golden Sky of Biography,21.37,2,In stock,Philosophy
606,The Wild Dream,36.77,4,Out of stock,Poetry
607,The New River,24.94,3,In stock,Self-Help
608,The Dark Dream of Crime,50.01,4,In stock,Biography
609,The Hidden Truth of Poetry,18.64,4,Out of stock,Historical
610,The Infinite Storm,31.16,4,Out of stock,Philosophy
611,The Brave Path of Biography,22.89,1,Out of stock,Travel
612,The Lost City of Crime,26.3,5,In stock,Poetry
613,The Wild Journey of Biography,39.37,4,In stock,Travel
614,The Burning Heart,39.39,2,In stock,Travel
615,The Lost Voice of Sci-Fi,53.37,5,Out of stock,Philosophy
616,The Silent City of Biography,40.44,5,In stock,Sci-Fi
617,The Burning Heart of Fantasy,44.68,2,In stock,Romance
618,The Secret Storm,33.76,3,In stock,Romance
619,The Dark Light of Sci-Fi,25.54,5,Out of stock,Self-Help
620,The Ancient Truth of Historical,16.72,5,Out of stock,Poetry
621,The Infinite Path,46.43,3,In stock,Travel
622,The Brave World,51.19,3,In stock,Crime
623,The Wild Light of Crime,49.57,4,In stock,Self-Help
624,The Last City,52.56,4,Out of stock,Mystery
625,The Hidden Storm of Historical,51.84,4,In stock,Poetry
626,The Dark River,19.95,4,In stock,Poetry
627,The Last City of Travel,44.05,4,In stock,Poetry
628,The New World,53.52,5,In stock,Romance
629,The Golden Heart of Sci-Fi,47.44,1,In stock,Sci-Fi
630,The Dark City,52.68,3,In stock,Historical
631,The Wild Storm of Fantasy,20.33,5,In stock,Crime
632,The Dark Path of Fantasy,10.44,5,Out of stock,Fantasy
633,The Hidden Voice of Historical,22.62,4,Out of stock,Sci-Fi
634,The Secret Garden of Philosophy,54.77,4,Out of stock,Poetry
635,The Silent Storm,43.85,2,Out of stock,Philosophy
636,The New Truth,59.96,4,Out of stock,Romance
637,The Last House of Sci-Fi,24.92,4,In stock,Travel
638,The Golden Shadow of Sci-Fi,23.05,3,In stock,Fantasy
639,The Silent Storm,48.27,3,Out of stock,Biography
640,The Burning House,17.0,4,In stock,Poetry
641,The Silent Shadow of Philosophy,29.41,1,In stock,Self-Help
642,The New Path,46.32,3,In stock,Crime
643,The Ancient Sky,57.02,3,In stock,Sci-Fi
644,The Wild Heart of Crime,19.05,3,In stock,Fiction
645,The Secret Shadow of Crime,48.14,2,In stock,Fantasy
646,The Golden House,27.76,5,In stock,Sci-Fi
647,The Burning Sky of Romance,23.03,4,In stock,Travel
648,The Forgotten Journey of Biography,39.01,4,In stock,Poetry
649,The Brave Dream,44.03,5,In stock,Philosophy
650,The Dark Path of Fiction,59.61,4,In stock,Biography
651,The Forgotten Heart,45.78,2,In stock,Poetry
652,The Golden House of Romance,41.72,4,In stock,Sci-Fi
653,The Brave Sky of Biography,48.22,4,In stock,Travel
654,The Hidden Voice,31.47,5,In stock,Poetry
655,The Burning Journey,19.97,4,In stock,Mystery
656,The Golden Sky of Historical,10.9,2,In stock,Self-Help
657,The Brave Storm of Romance,25.6,3,In stock,Crime
658,The New Shadow,51.18,4,In stock,Sci-Fi
659,The Forgotten Garden of Crime,26.89,4,Out of stock,Fiction
660,The Golden River,47.5,4,In stock,Philosophy
661,The Dark Storm,59.23,4,In stock,Mystery
662,The New Dream,28.33,5,In stock,Mystery
663,The Burning River of Crime,41.15,4,In stock,Mystery
664,The Ancient Truth of Mystery,12.41,3,In stock,Poetry
665,The Burning Truth of Poetry,45.09,2,In stock,Fantasy
666,The Ancient Journey,43.08,3,In stock,Sci-Fi
667,The New Voice of Philosophy,51.52,3,In stock,Self-Help
668,The New Truth,49.23,3,In stock,Biography
669,The Brave Sky,36.15,3,In stock,Self-Help
670,The Burning Shadow,37.4,3,Out of stock,Self-Help
671,The Forgotten Light,10.64,3,In stock,Travel
672,The Wild Voice of Fiction,57.46,5,In stock,Travel
673,The Secret Garden,22.79,2,In stock,Sci-Fi
674,The Silent World,50.65,4,Out of stock,Sci-Fi
675,The Golden Sky of Philosophy,46.92,4,In stock,Mystery
676,The Dark Path,42.35,5,In stock,Poetry
677,The New Shadow of Travel,28.63,2,In stock,Travel
678,The Burning City of Sci-Fi,51.78,4,In stock,Poetry
679,The Infinite City of Fiction,15.65,5,In stock,Mystery
680,The Wild Heart,55.55,5,In stock,Biography
681,The Ancient World,28.98,5,In stock,Mystery
682,The Wild House of Self-Help,58.66,3,In stock,Poetry
683,The Lost River,12.3,3,In stock,Romance
684,The Dark Garden of Crime,48.37,4,In stock,Biography
685,The Brave House of Crime,36.15,5,In stock,Travel
686,The Burning House of Poetry,27.28,4,In stock,Philosophy
687,The Hidden Path of Biography,12.73,4,In stock,Fiction
688,The Last Path,34.79,3,In stock,Poetry
689,The Golden Storm,23.91,5,In stock,Crime
690,The Ancient City,21.75,3,In stock,Biography
691,The Forgotten Truth of Poetry,25.8,3,Out of stock,Self-Help
692,The Ancient Journey,30.61,4,In stock,Mystery
693,The Wild Truth of Biography,41.87,4,Out of stock,Crime
694,The Brave House of Romance,28.16,3,In stock,Historical
695,The Wild World,48.36,2,In stock,Self-Help
696,The Ancient Light of Travel,14.87,4,In stock,Mystery
697,The Golden Light of Sci-Fi,37.38,3,In stock,Travel
698,The Dark River,17.02,4,In stock,Self-Help
699,The Burning Truth,19.79,3,In stock,Philosophy
700,The Brave World of Historical,45.83,4,In stock,Philosophy
701,The Dark River of Fantasy,39.43,4,In stock,Poetry
702,The Forgotten House of Crime,16.73,2,In stock,Crime
703,The Secret Journey of Philosophy,51.93,3,In stock,Crime
704,The Infinite River of Self-Help,38.92,2,In stock,Fiction
705,The Lost City of Biography,54.13,2,In stock,Philosophy
706,The Burning Voice of Historical,23.68,5,Out of stock,Sci-Fi
707,The Forgotten Sky,30.63,3,In stock,Self-Help
708,The Last Shadow of Crime,53.03,5,In stock,Crime
709,The Ancient Storm,41.2,3,In stock,Romance
710,The Ancient Heart of Fantasy,58.75,4,In stock,Crime
711,The Secret House,15.77,5,In stock,Poetry
712,The New Voice of Self-Help,30.87,4,In stock,Crime
713,The Silent River of Mystery,36.13,4,In stock,Fiction
714,The Dark House,23.35,4,In stock,Sci-Fi
715,The Ancient Shadow,13.1,3,In stock,Historical
716,The Infinite Dream,50.69,5,In stock,Fantasy
717,The Secret Dream of Self-Help,42.35,5,In stock,Crime
718,The Infinite Sky of Sci-Fi,44.64,5,In stock,Philosophy
719,The Burning City of Fantasy,25.63,2,In stock,Mystery
720,The Secret Shadow,53.43,5,Out of stock,Poetry
721,The Wild Storm of Self-Help,45.47,5,In stock,Biography
722,The Last Garden of Self-Help,58.2,3,In stock,Fiction
723,The Ancient Truth,18.69,2,In stock,Philosophy
724,The Dark City,23.21,5,In stock,Sci-Fi
725,The Dark Light,56.87,4,In stock,Romance
726,The New Journey of Fantasy,40.77,5,In stock,Poetry
727,The Infinite Voice of Travel,49.19,2,In stock,Historical
728,The Hidden Dream,35.25,5,In stock,Crime
729,The Burning Truth,54.16,3,In stock,Romance
730,The Golden Shadow,47.63,3,In stock,Crime
731,The Wild Sky of Mystery,15.73,3,In stock,Historical
732,The Ancient Voice of Historical,57.94,5,In stock,Romance
733,The Burning River of Travel,29.29,4,In stock,Sci-Fi
734,The Dark River of Romance,35.71,4,In stock,Poetry
735,The Dark Shadow of Historical,26.01,4,In stock,Travel
736,The Hidden Sky of Mystery,41.34,5,In stock,Fantasy
737,The Infinite Storm of Philosophy,51.77,4,In stock,Self-Help
738,The Secret Sky,50.83,5,In stock,Fantasy
739,The Hidden Journey,26.58,4,In stock,Mystery
740,The Hidden Sky,13.52,4,Out of stock,Sci-Fi
741,The Burning City,30.22,4,In stock,Philosophy
742,The Ancient Truth of Fantasy,46.01,3,In stock,Self-Help
743,The New Journey of Travel,27.88,5,In stock,Sci-Fi
744,The Infinite House,14.32,4,In stock,Poetry
745,The Burning City of Mystery,33.69,3,In stock,Fiction
746,The Secret City of Crime,24.75,5,In stock,Sci-Fi
747,The Ancient River of Self-Help,42.39,4,Out of stock,Mystery
748,The Last Path of Travel,12.09,4,In stock,Philosophy
749,The Last Dream of Sci-Fi,20.5,5,In stock,Self-Help
750,The Golden Storm,42.29,4,In stock,Fiction
751,The Hidden Storm of Sci-Fi,19.71,2,In stock,Biography
752,The Wild Journey of Crime,33.06,5,In stock,Sci-Fi
753,The Ancient Truth,19.87,4,In stock,Romance
754,The Golden Heart of Historical,15.0,3,In stock,Historical
755,The Golden World,40.81,2,In stock,Biography
756,The Hidden Voice of Romance,57.92,5,In stock,Romance
757,The Brave Sky,46.98,4,In stock,Romance
758,The Hidden House of Poetry,33.14,4,In stock,Sci-Fi
759,The Forgotten Dream,42.27,5,In stock,Sci-Fi
760,The Wild Path,36.93,5,In stock,Fantasy
761,The Lost Garden,10.93,3,In stock,Mystery
762,The Wild Voice of Biography,20.64,3,In stock,Sci-Fi
763,The Last River of Poetry,42.69,3,In stock,Philosophy
764,The Brave River of Self-Help,52.85,5,In stock,Crime
765,The Last Truth,35.1,1,In stock,Biography
766,The Ancient Heart of Fiction,32.31,4,In stock,Biography
767,The Ancient Path of Self-Help,46.59,5,Out of stock,Mystery
768,The Brave Sky,13.14,5,In stock,Mystery
769,The Ancient Storm of Romance,29.4,3,Out of stock,Mystery
770,The Dark House,45.18,5,In stock,Sci-Fi
771,The Wild Garden,37.21,2,In stock,Fantasy
772,The Burning Light of Travel,35.83,5,In stock,Historical
773,The Last City,53.38,2,In stock,Poetry
774,The New Journey of Fiction,31.99,4,In stock,Crime
775,The Ancient Shadow,19.34,5,In stock,Self-Help
776,The Wild Truth of Philosophy,50.55,2,In stock,Poetry
777,The Ancient World,39.53,3,In stock,Philosophy
778,The Dark Storm,38.67,5,In stock,Fantasy
779,The Last Journey of Fiction,12.8,5,In stock,Fiction
780,The Last City of Biography,41.87,4,Out of stock,Self-Help
781,The Ancient Path,14.29,4,In stock,Poetry
782,The Wild World,51.51,4,In stock,Biography
783,The Wild Sky,42.98,3,In stock,Self-Help
784,The Ancient Light of Biography,39.52,3,In stock,Philosophy
785,The Hidden Truth,36.13,3,Out of stock,Fantasy
786,The Burning Path,14.81,5,In stock,Biography
787,The New Journey of Crime,35.16,4,In stock,Poetry
788,The Ancient Heart of Crime,51.37,4,Out of stock,Fantasy
789,The Ancient City of Romance,53.73,4,In stock,Philosophy
790,The Brave Sky,48.43,5,In stock,Self-Help
791,The Infinite Path of Travel,31.27,3,In stock,Historical
792,The Wild Truth,53.83,4,In stock,Historical
793,The Dark Garden of Mystery,38.89,4,In stock,Mystery
794,The Burning House,50.21,4,In stock,Travel
795,The Hidden City of Sci-Fi,23.06,1,In stock,Biography
796,The Golden Voice,44.02,5,In stock,Philosophy
797,The Last Sky of Fiction,28.51,5,In stock,Sci-Fi
798,The Silent Voice,45.27,4,In stock,Fantasy
799,The Lost Garden,49.15,4,Out of stock,Travel
800,The Brave Dream,26.92,5,In stock,Self-Help
801,The Ancient Garden,29.45,5,In stock,Travel
802,The Wild Heart,40.01,3,In stock,Sci-Fi
803,The Brave Light,11.89,4,In stock,Philosophy
804,The New House of Self-Help,58.17,4,In stock,Fiction
805,The Ancient World,20.08,4,In stock,Crime
806,The Silent Storm,39.97,5,In stock,Historical
807,The New Heart of Romance,21.96,5,In stock,Fiction
808,The Lost Shadow of Romance,43.48,5,In stock,Historical
809,The Last Journey of Travel,55.95,4,In stock,Self-Help
810,The Wild Dream of Romance,27.37,2,Out of stock,Historical
811,The New Storm,30.19,5,In stock,Fiction
812,The Burning Dream,13.62,5,In stock,Travel
813,The Infinite Dream of Crime,50.65,2,In stock,Self-Help
814,The Forgotten City of Historical,47.87,5,Out of stock,Poetry
815,The Ancient World of Mystery,34.09,5,In stock,Philosophy
816,The Ancient Sky of Fantasy,45.05,4,Out of stock,Philosophy
817,The Golden Dream of Self-Help,51.6,4,In stock,Travel
818,The Burning House of Romance,13.8,4,Out of stock,Poetry
819,The Golden Light,38.68,2,In stock,Self-Help
820,The Ancient River of Poetry,46.85,3,In stock,Historical
821,The Wild Shadow,20.14,5,In stock,Biography
822,The Golden Heart of Travel,56.0,1,In stock,Fantasy
823,The Forgotten Voice,52.85,3,Out of stock,Poetry
824,The Golden Voice,54.9,4,Out of stock,Biography
825,The Wild Shadow,59.21,4,Out of stock,Sci-Fi
826,The Burning Storm of Fiction,12.71,5,In stock,Poetry
827,The Last Journey of Philosophy,53.01,3,In stock,Poetry
828,The Lost Garden of Romance,44.45,3,In stock,Historical
829,The Burning Voice,28.08,5,Out of stock,Fiction
830,The Last Shadow,33.56,4,In stock,Romance
831,The Hidden World,30.95,3,In stock,Romance
832,The Wild City,18.99,4,In stock,Biography
833,The Ancient Storm of Self-Help,23.49,2,In stock,Philosophy
834,The Wild City,49.99,3,In stock,Poetry
835,The Infinite Journey,34.97,4,Out of stock,Fantasy
836,The Last Dream of Poetry,25.0,4,In stock,Biography
837,The Dark City,18.17,5,In stock,Sci-Fi
838,The Forgotten Path of Poetry,47.22,4,In stock,Romance
839,The Last Dream of Sci-Fi,27.2,4,In stock,Romance
840,The Wild House of Historical,38.84,4,In stock,Crime
841,The Hidden Sky,26.25,1,In stock,Self-Help
842,The Forgotten River,40.68,4,In stock,Fiction
843,The Wild Heart of Romance,31.09,3,In stock,Philosophy
844,The Wild River,18.1,5,In stock,Romance
845,The Ancient Shadow of Biography,42.23,2,In stock,Poetry
846,The Infinite Path of Self-Help,39.34,4,Out of stock,Philosophy
847,The Hidden Heart of Fiction,46.38,2,In stock,Self-Help
848,The Secret Garden,18.34,5,In stock,Travel
849,The Forgotten Dream,48.54,4,In stock,Travel
850,The Lost Shadow of Travel,42.74,4,Out of stock,Sci-Fi
851,The Brave Storm of Poetry,41.32,2,In stock,Fiction
852,The Dark Journey of Romance,53.2,5,In stock,Crime
853,The Silent Dream,58.47,3,In stock,Fiction
854,The New Voice,47.44,5,Out of stock,Philosophy
855,The Last House of Sci-Fi,55.44,3,In stock,Historical
856,The Infinite Truth,28.29,3,In stock,Sci-Fi
857,The Dark Journey of Fiction,27.19,1,In stock,Mystery
858,The Secret River,47.77,4,In stock,Philosophy
859,The Infinite Shadow of Mystery,37.41,4,In stock,Crime
860,The Burning City,45.74,2,In stock,Philosophy
861,The Brave Shadow,41.26,5,In stock,Biography
862,The Infinite Garden of Sci-Fi,42.42,4,In stock,Sci-Fi
863,The Burning Storm of Fiction,16.83,4,In stock,Poetry
864,The New World,41.13,4,In stock,Mystery
865,The Hidden Journey of Mystery,19.3,4,In stock,Sci-Fi
866,The Hidden Garden,10.41,4,In stock,Mystery
867,The Forgotten Storm,25.58,3,In stock,Romance
868,The Forgotten Garden of Romance,14.01,3,In stock,Fiction
869,The Dark Shadow of Travel,37.15,5,In stock,Sci-Fi
870,The Wild City of Travel,58.72,5,In stock,Philosophy
871,The Infinite World,59.72,4,In stock,Self-Help
872,The Infinite Truth of Historical,33.64,3,In stock,Sci-Fi
873,The Golden Heart of Mystery,47.23,4,In stock,Travel
874,The Silent World of Historical,28.02,4,In stock,Fantasy
875,The Brave Truth,31.7,1,In stock,Sci-Fi
876,The New Truth,22.15,3,Out of stock,Biography
877,The Infinite Garden,39.8,5,In stock,Travel
878,The Brave Heart,44.29,4,In stock,Fantasy
879,The Dark Journey,17.69,1,In stock,Travel
880,The Hidden World,59.07,3,In stock,Romance
881,The Infinite River,19.65,3,In stock,Romance
882,The Secret Heart,11.97,4,In stock,Crime
883,The Silent Dream of Historical,38.33,1,In stock,Romance
884,The Secret World,51.56,2,Out of stock,Crime
885,The Hidden Truth of Poetry,24.78,5,In stock,Romance
886,The Forgotten Journey of Crime,28.95,3,In stock,Mystery
887,The New Path,41.0,4,In stock,Travel
888,The Ancient Dream of Historical,36.2,3,In stock,Crime
889,The Hidden Voice,30.49,2,In stock,Travel
890,The Last House,51.75,3,In stock,Mystery
891,The Brave Truth,14.94,5,In stock,Philosophy
892,The Ancient World of Self-Help,39.51,5,In stock,Historical
893,The New Garden,56.5,5,In stock,Poetry
894,The Wild Truth,41.94,4,In stock,Self-Help
895,The Burning Path,45.41,4,Out of stock,Sci-Fi
896,The Last Journey of Sci-Fi,13.9,3,In stock,Crime
897,The Lost Truth of Crime,29.26,3,In stock,Fantasy
898,The Brave Voice of Fiction,37.92,5,In stock,Self-Help
899,The Lost Sky of Romance,43.72,1,In stock,Philosophy
900,The Lost Heart of Crime,30.07,2,In stock,Fiction
901,The Last Voice,27.61,3,In stock,Romance
902,The Wild Light,41.66,1,Out of stock,Romance
903,The New Storm of Historical,28.75,3,In stock,Self-Help
904,The Silent Light of Poetry,57.98,4,In stock,Mystery
905,The Silent Voice,16.75,4,Out of stock,Mystery
906,The Silent Storm,25.74,5,In stock,Self-Help
907,The Wild Shadow of Crime,37.81,5,Out of stock,Fiction
908,The Lost Journey,17.8,3,In stock,Biography
909,The Brave Storm,25.01,3,In stock,Biography
910,The Brave Garden,26.23,4,In stock,Poetry
911,The Wild River of Biography,50.97,4,In stock,Fantasy
912,The Silent Journey of Biography,29.07,3,In stock,Romance
913,The Golden River of Philosophy,56.5,4,In stock,Historical
914,The Secret House of Mystery,41.69,4,In stock,Mystery
915,The Silent Dream,36.99,4,In stock,Crime
916,The Secret Storm,43.68,4,Out of stock,Poetry
917,The Infinite Voice of Travel,21.1,3,In stock,Philosophy
918,The Hidden Heart,33.79,5,In stock,Crime
919,The Burning Shadow,35.09,5,In stock,Fiction
920,The Infinite Heart,19.9,2,In stock,Biography
921,The Brave Dream of Self-Help,36.21,5,In stock,Sci-Fi
922,The Infinite City,56.2,4,In stock,Fantasy
923,The Burning City,19.52,5,In stock,Fantasy
924,The Dark Sky,59.37,5,In stock,Poetry
925,The New Heart,56.2,4,In stock,Fantasy
926,The Golden Heart of Travel,15.62,1,In stock,Biography
927,The Hidden Path of Sci-Fi,10.69,3,In stock,Travel
928,The Silent World,26.59,4,In stock,Historical
929,The Brave Dream of Sci-Fi,37.43,4,In stock,Fiction
930,The Secret Garden of Philosophy,39.14,3,In stock,Mystery
931,The Silent Heart,20.03,2,In stock,Sci-Fi
932,The Dark World of Mystery,13.33,5,In stock,Fantasy
933,The Wild River of Travel,10.95,5,Out of stock,Fantasy
934,The Burning Storm of Crime,58.82,4,In stock,Romance
935,The Forgotten Path of Travel,19.32,3,In stock,Poetry
936,The Last River of Mystery,22.37,3,In stock,Romance
937,The Forgotten City of Mystery,27.34,1,In stock,Fantasy
938,The Silent Storm of Crime,23.79,5,In stock,Sci-Fi
939,The Burning River of Mystery,57.2,2,Out of stock,Historical
940,The Hidden Light of Fantasy,16.86,4,In stock,Crime
941,The Ancient Voice of Fantasy,21.37,3,In stock,Fiction
942,The Burning Shadow of Romance,32.45,4,In stock,Fantasy
943,The Hidden Voice of Historical,53.12,4,In stock,Self-Help
944,The Last River,59.77,5,Out of stock,Fiction
945,The Ancient River of Fiction,25.87,3,In stock,Self-Help
946,The Lost Heart,53.97,1,In stock,Romance
947,The Burning City,47.27,2,Out of stock,Fantasy
948,The Secret Shadow,19.39,5,In stock,Mystery
949,The Infinite Voice of Biography,38.35,5,In stock,Historical
950,The Brave House,13.97,4,In stock,Fiction
951,The Last Path of Self-Help,42.47,4,In stock,Philosophy
952,The Forgotten World,19.66,4,In stock,Mystery
953,The Silent City,43.56,3,In stock,Historical
954,The Lost Heart of Poetry,53.35,5,In stock,Romance
955,The Wild World of Philosophy,30.24,4,In stock,Self-Help
956,The Wild City of Philosophy,40.57,4,In stock,Biography
957,The Last Dream of Self-Help,49.34,4,In stock,Poetry
958,The Forgotten Path of Historical,35.93,1,In stock,Self-Help
959,The Dark Dream,48.25,3,Out of stock,Historical
960,The Silent World,25.22,5,Out of stock,Poetry
961,The Hidden City,55.94,2,In stock,Fiction
962,The Forgotten Path of Travel,46.13,4,In stock,Biography
963,The Secret Dream,30.67,3,In stock,Fiction
964,The Forgotten Voice of Historical,54.12,4,In stock,Romance
965,The Secret House of Fiction,45.91,3,In stock,Travel
966,The Secret World of Travel,36.19,4,In stock,Crime
967,The New Heart,29.03,5,In stock,Romance
968,The New Path of Fiction,18.1,3,In stock,Self-Help
969,The Dark City,46.5,4,Out of stock,Sci-Fi
970,The Ancient Heart,16.58,4,In stock,Biography
971,The Infinite Shadow,34.88,4,In stock,Mystery
972,The New River,20.84,5,In stock,Poetry
973,The Burning World,40.0,5,In stock,Crime
974,The Silent Voice of Historical,12.45,3,In stock,Fantasy
975,The Golden Journey,11.62,1,In stock,Biography
976,The Silent Light of Mystery,15.44,3,Out of stock,Fiction
977,The Ancient Shadow of Self-Help,44.99,4,In stock,Crime
978,The Hidden World of Romance,56.56,2,In stock,Sci-Fi
979,The Golden Light of Travel,47.91,4,Out of stock,Travel
980,The Silent World,44.72,4,In stock,Crime
981,The Burning Dream,20.45,3,In stock,Biography
982,The Secret House of Travel,34.18,5,In stock,Self-Help
983,The Silent City of Romance,22.98,2,In stock,Biography
984,The Golden River,38.13,2,In stock,Fantasy
985,The Forgotten World of Biography,21.63,5,In stock,Historical
986,The Dark Truth,41.27,4,In stock,Historical
987,The Infinite Voice of Philosophy,12.27,4,In stock,Fantasy
988,The Brave Journey of Self-Help,24.08,4,In stock,Sci-Fi
989,The Silent Dream of Mystery,15.69,3,In stock,Philosophy
990,The Secret Voice of Mystery,51.59,5,In stock,Romance
991,The Ancient World of Mystery,42.28,5,In stock,Fantasy
992,The Forgotten River of Romance,33.12,4,Out of stock,Self-Help
993,The Dark Path of Biography,46.24,3,In stock,Crime
994,The Dark Storm of Romance,49.97,4,Out of stock,Romance
995,The Lost Heart,11.56,4,Out of stock,Fantasy
996,The Last Path,40.28,2,In stock,Travel
997,The Wild Sky of Self-Help,52.88,5,In stock,Sci-Fi
998,The Burning Truth,21.88,2,In stock,Sci-Fi
999,The Brave Dream,15.61,5,In stock,Historical
1000,The Lost World of Poetry,55.24,4,In stock,Romance
